geohash6,label_weekly_raw,label_weekly,label_daily,label_quarterly,active_rate
qp02yc,0,5,1,3,0.09853142076502733
qp02yf,0,4,6,0,0.015198087431693989
qp02yu,0,0,1,4,0.00034153005464480874
qp02yv,0,0,1,0,0.0011953551912568306
qp02yy,0,4,1,0,0.018101092896174863
qp02yz,0,5,1,3,0.15010245901639344
qp02z1,0,5,6,5,0.19689207650273224
qp02z3,0,4,6,2,0.09682377049180328
qp02z4,0,4,6,3,0.07650273224043716
qp02z5,0,3,6,2,0.2546106557377049
qp02z6,0,6,6,3,0.30396174863387976
qp02z7,5,6,1,3,0.42059426229508196
qp02z9,0,6,6,7,0.2032103825136612
qp02zc,0,6,6,3,0.3782445355191257
qp02zd,0,6,6,3,0.41120218579234974
qp02ze,5,6,6,3,0.5148565573770492
qp02zf,2,6,6,3,0.18135245901639344
qp02zg,0,6,6,3,0.3707308743169399
qp02zh,5,3,6,2,0.5099043715846995
qp02zj,2,6,6,3,0.557035519125683
qp02zk,0,6,6,3,0.39976092896174864
qp02zm,5,6,6,3,0.5332991803278688
qp02zn,5,6,6,3,0.5698428961748634
qp02zp,5,6,6,3,0.5228825136612022
qp02zq,5,6,3,3,0.4339139344262295
qp02zr,5,6,6,3,0.6014344262295082
qp02zs,5,6,6,3,0.505464480874317
qp02zt,2,6,6,3,0.7914959016393442
qp02zu,0,6,6,3,0.3157445355191257
qp02zv,5,6,6,3,0.47421448087431695
qp02zw,3,6,1,3,0.7399248633879781
qp02zx,4,6,6,2,0.735655737704918
qp02zy,2,6,6,3,0.663422131147541
qp02zz,3,6,1,3,0.8186475409836066
qp03jq,0,6,5,3,0.7930327868852459
qp03jr,0,1,5,6,0.8142076502732241
qp03jw,0,1,5,3,0.8159153005464481
qp03jx,0,5,5,3,0.7988387978142076
qp03jy,0,1,5,6,0.8278688524590164
qp03jz,0,1,5,6,0.8200136612021858
qp03m2,0,1,5,6,0.6912568306010929
qp03m3,0,1,1,6,0.4405737704918033
qp03m6,5,6,5,7,0.8814890710382514
qp03m7,0,1,5,6,0.7204576502732241
qp03m8,0,6,5,3,0.7595628415300546
qp03m9,0,1,5,6,0.7675887978142076
qp03mb,5,6,5,7,0.9445013661202186
qp03mc,0,6,5,3,0.7942281420765027
qp03md,0,1,2,6,0.7400956284153005
qp03me,0,2,2,7,0.8925887978142076
qp03mf,0,6,5,3,0.8944672131147541
qp03mg,2,3,5,2,0.9875341530054644
qp03mk,0,1,5,6,0.5771857923497268
qp03mm,0,5,5,6,0.32564890710382516
qp03mq,0,1,5,6,0.5324453551912568
qp03mr,0,1,5,6,0.390198087431694
qp03ms,0,1,5,6,0.7149931693989071
qp03mt,0,1,5,6,0.8797814207650273
qp03mu,5,2,5,7,0.9392076502732241
qp03mv,5,1,2,6,0.9156420765027322
qp03mw,0,1,5,6,0.8307718579234973
qp03mx,0,5,1,6,0.22865437158469945
qp03my,5,1,2,6,0.9566256830601093
qp03mz,0,1,5,6,0.9339139344262295
qp03nb,5,6,6,3,0.48599726775956287
qp03nd,0,6,6,7,0.29081284153005466
qp03nf,0,5,6,3,0.25495218579234974
qp03nn,0,4,1,7,0.07872267759562841
qp03np,0,7,2,1,0.22762978142076504
qp03nq,5,3,2,2,0.8958333333333334
qp03nr,5,7,2,1,0.921448087431694
qp03nw,5,3,2,2,0.9468920765027322
qp03nx,5,2,2,7,0.9571379781420765
qp03ny,2,7,2,1,0.9752390710382514
qp03nz,2,7,2,1,0.9935109289617486
qp03p0,0,3,6,2,0.24795081967213115
qp03p1,0,6,1,7,0.25443989071038253
qp03p2,4,6,6,3,0.6302937158469946
qp03p3,5,6,6,3,0.5587431693989071
qp03p4,0,6,6,5,0.27561475409836067
qp03p5,0,5,6,3,0.05959699453551912
qp03p6,5,6,6,3,0.5389344262295082
qp03p7,2,6,6,2,0.4912909836065574
qp03p8,5,6,6,3,0.6360997267759563
qp03p9,5,6,6,3,0.5566939890710383
qp03pb,2,6,6,3,0.6796448087431693
qp03pc,5,3,6,2,0.45969945355191255
qp03pd,5,6,6,3,0.6487363387978142
qp03pe,5,6,6,2,0.6813524590163934
qp03pf,0,6,6,3,0.3620218579234973
qp03pg,0,5,1,3,0.060109289617486336
qp03pj,0,4,1,0,0.0025614754098360654
qp03pk,0,6,6,3,0.3780737704918033
qp03pm,0,5,6,7,0.15010245901639344
qp03pn,5,7,2,1,0.7102117486338798
qp03pp,2,7,2,2,0.9962431693989071
qp03pq,5,2,2,7,0.8370901639344263
qp03pr,2,7,2,2,0.9979508196721312
qp03ps,5,6,6,3,0.5078551912568307
qp03pt,5,3,6,2,0.5109289617486339
qp03pu,0,4,1,1,0.023224043715846996
qp03pv,0,6,6,1,0.28978825136612024
qp03pw,0,2,2,5,0.7909836065573771
qp03px,5,2,2,5,0.9182035519125683
qp03py,0,1,5,6,0.661714480874317
qp03pz,0,1,2,6,0.8717554644808743
qp03q0,0,1,5,6,0.8072062841530054
qp03q1,0,6,5,7,0.8230874316939891
qp03q2,2,7,2,2,0.9709699453551912
qp03q3,5,2,2,7,0.9402322404371585
qp03q4,5,3,5,2,0.787568306010929
qp03q5,5,2,2,7,0.9079576502732241
qp03q6,5,1,2,6,0.9325478142076503
qp03q7,5,2,2,7,0.9515027322404371
qp03q8,5,2,2,7,0.9434767759562842
qp03q9,2,1,2,6,0.9950478142076503
qp03qb,5,2,2,7,0.9851434426229508
qp03qc,5,2,2,5,0.9818989071038251
qp03qd,2,2,2,7,0.9897540983606558
qp03qe,5,1,2,6,0.991974043715847
qp03qf,4,3,5,2,0.9979508196721312
qp03qg,3,3,2,2,0.9981215846994536
qp03qh,5,1,4,6,0.9499658469945356
qp03qj,4,3,2,2,0.9979508196721312
qp03qk,0,7,2,1,0.7674180327868853
qp03qm,4,7,2,2,0.9981215846994536
qp03qn,0,7,2,1,0.7937158469945356
qp03qp,0,4,2,4,0.07581967213114754
qp03qq,5,3,2,2,0.8355532786885246
qp03qr,0,4,2,7,0.4921448087431694
qp03qs,5,1,2,6,0.9950478142076503
qp03qt,0,4,1,2,0.1675204918032787
qp03qu,2,1,2,5,0.9967554644808743
qp03qv,5,7,2,1,0.922301912568306
qp03qw,0,7,2,1,0.2718579234972678
qp03qx,0,7,2,1,0.578551912568306
qp03qy,4,3,2,2,0.9692622950819673
qp03qz,5,3,2,2,0.668886612021858
qp03r0,2,7,2,1,0.9970969945355191
qp03r1,2,3,2,2,0.9976092896174863
qp03r2,4,3,2,2,0.9979508196721312
qp03r3,2,3,2,2,0.9972677595628415
qp03r4,5,2,2,7,0.9796789617486339
qp03r5,5,2,2,6,0.9781420765027322
qp03r6,2,7,2,7,0.9941939890710383
qp03r7,0,7,2,1,0.7387295081967213
qp03r8,5,7,2,7,0.962431693989071
qp03r9,2,3,2,2,0.9906079234972678
qp03rb,0,2,2,7,0.7979849726775956
qp03rc,0,7,2,1,0.6442964480874317
qp03rd,5,2,2,7,0.9356215846994536
qp03re,2,7,2,1,0.9772882513661202
qp03rf,5,7,2,1,0.9228142076502732
qp03rg,5,7,2,1,0.9371584699453552
qp03rh,2,3,2,2,0.9579918032786885
qp03rj,5,2,2,5,0.9566256830601093
qp03rk,5,7,2,1,0.9076161202185792
qp03rm,2,1,2,6,0.9904371584699454
qp03rn,5,7,2,1,0.8621926229508197
qp03rp,5,7,2,1,0.920594262295082
qp03rq,5,2,2,7,0.9443306010928961
qp03rr,5,1,2,6,0.9649931693989071
qp03rs,0,1,2,6,0.8843920765027322
qp03rt,2,2,2,7,0.9907786885245902
qp03ru,5,1,5,6,0.9807035519125683
qp03rv,5,1,5,6,0.9923155737704918
qp03rw,2,3,2,7,0.9941939890710383
qp03rx,5,1,2,6,0.9788251366120219
qp03ry,2,1,2,6,0.9914617486338798
qp03rz,5,1,2,6,0.9735314207650273
qp03t2,0,1,5,6,0.4188866120218579
qp03t3,0,1,5,6,0.7108948087431693
qp03t6,0,1,5,6,0.6791325136612022
qp03t7,0,1,5,6,0.7696379781420765
qp03t8,0,1,5,6,0.9516734972677595
qp03t9,5,6,5,2,0.8198428961748634
qp03tb,5,1,5,6,0.9588456284153005
qp03tc,5,1,2,6,0.9825819672131147
qp03td,0,1,5,6,0.7807377049180327
qp03te,0,1,5,6,0.6263661202185792
qp03tf,0,1,2,6,0.8336748633879781
qp03tg,0,1,5,6,0.7537568306010929
qp03tk,0,5,5,6,0.13200136612021857
qp03tm,0,1,5,6,0.2969603825136612
qp03tq,0,5,6,6,0.13387978142076504
qp03tr,0,0,1,0,0.03432377049180328
qp03ts,0,1,5,6,0.9151297814207651
qp03tt,0,1,5,6,0.462431693989071
qp03tu,0,1,2,6,0.7894467213114754
qp03tv,0,1,2,6,0.7544398907103825
qp03tw,0,1,5,6,0.5536202185792349
qp03tx,0,1,5,6,0.5715505464480874
qp03ty,0,1,5,6,0.798155737704918
qp03tz,0,1,5,6,0.5766734972677595
qp03v2,0,5,1,6,0.06403688524590163
qp03v3,0,0,1,0,0.01639344262295082
qp03v9,0,1,5,6,0.2228483606557377
qp03vb,0,1,5,6,0.6977459016393442
qp03vc,0,5,1,6,0.04491120218579235
qp03vd,0,0,5,6,0.021687158469945355
qp03vf,0,0,1,0,0.022370218579234973
qp03w0,5,7,2,7,0.9737021857923497
qp03w1,2,1,2,6,0.9933401639344263
qp03w2,0,7,2,1,0.5879439890710383
qp03w3,2,3,5,2,0.9596994535519126
qp03w4,5,1,2,6,0.9673838797814208
qp03w5,5,2,2,7,0.8849043715846995
qp03w6,5,2,2,5,0.9269125683060109
qp03w7,5,2,2,7,0.8536543715846995
qp03w8,4,3,2,2,0.9940232240437158
qp03w9,6,7,2,2,0.9981215846994536
qp03wb,0,7,2,1,0.5988729508196722
qp03wc,1,3,2,2,0.9929986338797814
qp03wd,1,7,2,2,0.9976092896174863
qp03we,4,7,2,7,0.9972677595628415
qp03wf,3,3,2,2,0.9982923497267759
qp03wg,1,2,2,5,0.9981215846994536
qp03wh,0,1,2,6,0.8333333333333334
qp03wj,0,1,5,6,0.9439890710382514
qp03wk,5,1,2,6,0.8852459016393442
qp03wm,5,1,2,6,0.9709699453551912
qp03wn,5,1,2,6,0.9050546448087432
qp03wp,0,1,5,6,0.8218920765027322
qp03wq,5,1,2,6,0.9002732240437158
qp03wr,5,1,2,6,0.9637978142076503
qp03ws,2,2,2,5,0.9933401639344263
qp03wt,5,1,2,6,0.9571379781420765
qp03wu,1,7,2,7,0.9979508196721312
qp03wv,2,1,2,6,0.9953893442622951
qp03ww,5,1,2,6,0.9578210382513661
qp03wx,5,1,2,6,0.98224043715847
qp03wy,4,7,2,2,0.9979508196721312
qp03wz,6,3,2,2,0.9982923497267759
qp03x0,5,7,2,1,0.7882513661202186
qp03x1,2,7,2,7,0.9914617486338798
qp03x2,2,2,2,7,0.9776297814207651
qp03x3,2,1,2,6,0.9940232240437158
qp03x4,5,1,2,6,0.936646174863388
qp03x5,4,1,2,6,0.9976092896174863
qp03x6,5,1,2,6,0.9805327868852459
qp03x7,2,1,2,6,0.9970969945355191
qp03x8,5,1,2,6,0.9778005464480874
qp03x9,5,1,2,6,0.9427937158469946
qp03xb,5,1,2,6,0.9002732240437158
qp03xc,0,1,5,6,0.9004439890710383
qp03xd,5,1,2,6,0.9603825136612022
qp03xe,2,2,2,7,0.9800204918032787
qp03xf,2,1,2,6,0.9923155737704918
qp03xg,2,1,2,6,0.9969262295081968
qp03xh,4,1,2,5,0.9979508196721312
qp03xj,4,7,2,7,0.9977800546448088
qp03xk,4,1,2,6,0.9979508196721312
qp03xm,6,3,2,2,0.9981215846994536
qp03xn,2,1,2,5,0.9969262295081968
qp03xp,1,7,2,2,0.9979508196721312
qp03xq,1,7,2,1,0.9965846994535519
qp03xr,2,3,2,2,0.9882172131147541
qp03xs,4,1,2,5,0.9979508196721312
qp03xt,1,7,2,7,0.9979508196721312
qp03xu,2,1,2,6,0.9960724043715847
qp03xv,4,2,2,5,0.9979508196721312
qp03xw,6,7,2,7,0.9982923497267759
qp03xx,6,3,2,2,0.9981215846994536
qp03xy,1,2,2,7,0.9979508196721312
qp03xz,4,2,2,5,0.9979508196721312
qp03y0,0,1,5,6,0.4110314207650273
qp03y1,0,1,5,6,0.4415983606557377
qp03y2,0,1,5,6,0.8618510928961749
qp03y3,0,1,5,6,0.3411885245901639
qp03y4,0,5,1,6,0.05737704918032787
qp03y5,0,0,1,0,0.0025614754098360654
qp03y6,0,1,2,6,0.8089139344262295
qp03y7,5,1,2,6,0.9207650273224044
qp03y8,2,1,2,6,0.9957308743169399
qp03y9,5,1,2,6,0.9863387978142076
qp03yb,6,3,2,2,0.9982923497267759
qp03yc,2,2,2,7,0.9953893442622951
qp03yd,5,1,4,6,0.9959016393442623
qp03ye,5,1,2,6,0.9685792349726776
qp03yf,5,7,2,7,0.9520150273224044
qp03yg,1,3,2,2,0.9974385245901639
qp03yh,0,0,1,0,0.007001366120218579
qp03yk,0,1,2,6,0.8063524590163934
qp03ym,0,1,5,6,0.6244877049180327
qp03yn,0,0,1,0,0.00017076502732240437
qp03yq,0,5,5,0,0.3709016393442623
qp03yr,0,0,1,0,0.01092896174863388
qp03ys,5,1,2,6,0.9899248633879781
qp03yt,5,1,2,6,0.9414275956284153
qp03yu,5,1,2,6,0.9491120218579235
qp03yv,0,1,5,6,0.9055669398907104
qp03yw,0,1,5,6,0.7295081967213115
qp03yx,0,1,5,6,0.891051912568306
qp03yy,5,1,5,6,0.9701161202185792
qp03yz,0,1,5,6,0.9159836065573771
qp03z0,1,7,2,2,0.9979508196721312
qp03z1,0,2,2,5,0.7793715846994536
qp03z2,1,3,2,2,0.9979508196721312
qp03z3,0,5,2,5,0.09853142076502733
qp03z4,5,2,2,5,0.9772882513661202
qp03z5,0,7,2,1,0.789275956284153
qp03z6,0,1,2,5,0.443818306010929
qp03z7,0,1,2,6,0.6478825136612022
qp03z8,4,3,2,2,0.9955601092896175
qp03z9,2,7,2,7,0.9940232240437158
qp03zb,4,2,2,5,0.9979508196721312
qp03zc,2,1,2,6,0.9977800546448088
qp03zd,5,7,2,1,0.8543374316939891
qp03ze,5,7,2,1,0.9306693989071039
qp03zf,2,1,5,6,0.9976092896174863
qp03zg,5,1,5,6,0.9665300546448088
qp03zh,5,2,2,6,0.8247950819672131
qp03zj,0,1,1,6,0.24385245901639344
qp03zk,0,2,2,7,0.7479508196721312
qp03zm,0,2,2,5,0.5987021857923497
qp03zn,0,1,5,6,0.8340163934426229
qp03zp,0,1,5,6,0.600068306010929
qp03zq,0,5,1,0,0.1328551912568306
qp03zr,0,1,5,6,0.6560792349726776
qp03zs,0,1,2,6,0.8480191256830601
qp03zt,4,3,2,2,0.9979508196721312
qp03zu,5,1,2,6,0.9626024590163934
qp03zv,1,3,6,2,0.9981215846994536
qp03zw,0,3,2,2,0.8307718579234973
qp03zx,0,0,1,0,0.0025614754098360654
qp03zy,0,7,2,1,0.1173155737704918
qp03zz,4,3,2,2,0.9974385245901639
qp06n8,0,1,6,6,0.47728825136612024
qp06n9,0,1,5,6,0.3254781420765027
qp06nb,0,1,5,6,0.8642418032786885
qp06nc,0,1,5,6,0.6892076502732241
qp06nd,0,1,5,6,0.39651639344262296
qp06ne,0,1,5,6,0.45952868852459017
qp06nf,0,1,5,6,0.7057718579234973
qp06ng,0,7,2,1,0.4443306010928962
qp06ns,0,5,5,6,0.10467896174863388
qp06nt,0,5,5,6,0.10382513661202186
qp06nu,0,4,1,1,0.04439890710382514
qp06nv,0,5,1,6,0.19962431693989072
qp06nw,0,0,1,4,0.0008538251366120218
qp06ny,0,5,5,6,0.11629098360655737
qp06p0,0,1,1,6,0.3119877049180328
qp06p1,0,1,2,6,0.6869877049180327
qp06p2,0,1,2,6,0.8183060109289617
qp06p3,0,7,2,1,0.6658128415300546
qp06p4,0,1,1,6,0.6103142076502732
qp06p5,5,6,5,3,0.8608265027322405
qp06p6,0,1,5,6,0.46328551912568305
qp06p7,0,1,5,6,0.773224043715847
qp06p8,0,5,1,5,0.13148907103825136
qp06p9,0,1,1,6,0.5645491803278688
qp06pb,2,3,4,2,0.9793374316939891
qp06pc,0,1,5,6,0.592896174863388
qp06pd,0,1,5,6,0.6914275956284153
qp06pe,0,1,5,6,0.9127390710382514
qp06pf,0,1,2,6,0.7805669398907104
qp06pg,0,1,1,6,0.3536543715846995
qp06ph,5,1,5,6,0.9190573770491803
qp06pj,0,1,5,6,0.5396174863387978
qp06pk,0,1,5,6,0.8048155737704918
qp06pm,0,1,1,6,0.5087090163934426
qp06pn,0,5,2,6,0.2850068306010929
qp06pq,0,1,5,6,0.5411543715846995
qp06ps,0,1,1,6,0.5418374316939891
qp06pt,0,1,5,6,0.3615095628415301
qp06pu,0,5,5,0,0.1948428961748634
qp06pv,0,1,5,6,0.38148907103825136
qp06pw,0,1,2,6,0.641905737704918
qp06py,0,1,6,6,0.8599726775956285
qp08b1,0,4,6,0,0.06506147540983606
qp08b4,0,6,6,7,0.23292349726775957
qp08b5,0,5,1,3,0.0939207650273224
qp08b6,0,6,6,3,0.24436475409836064
qp08b7,0,6,6,3,0.3447745901639344
qp08bd,0,6,6,3,0.24709699453551912
qp08be,0,5,6,3,0.09614071038251366
qp08bg,0,5,6,3,0.08572404371584699
qp08bh,5,6,6,3,0.5478142076502732
qp08bj,2,6,6,3,0.6509562841530054
qp08bk,2,6,4,3,0.6429303278688525
qp08bm,0,6,6,3,0.3468237704918033
qp08bn,0,5,1,5,0.08265027322404371
qp08bp,5,6,6,7,0.5317622950819673
qp08bq,5,6,1,2,0.5271516393442623
qp08br,5,6,6,3,0.5336407103825137
qp08bs,0,4,6,3,0.049863387978142076
qp08bt,0,4,1,0,0.00973360655737705
qp08bu,0,4,6,3,0.09784836065573771
qp08bv,0,4,6,0,0.10980191256830601
qp08bw,0,6,6,2,0.35860655737704916
qp08bx,0,5,6,7,0.11185109289617487
qp08by,5,6,6,3,0.6314890710382514
qp08bz,5,6,6,3,0.5698428961748634
qp08c5,0,4,1,0,0.042008196721311473
qp08ch,0,0,1,0,0.010416666666666666
qp08cj,0,4,6,0,0.05003415300546448
qp08ck,0,6,6,3,0.37158469945355194
qp08cm,0,6,6,2,0.3628756830601093
qp08cn,0,6,6,3,0.4047131147540984
qp08cp,5,6,6,3,0.7136270491803278
qp08cu,0,4,1,1,0.09921448087431695
qp08cv,0,7,1,1,0.2677595628415301
qp08cy,0,7,1,1,0.46021174863387976
qp08fh,0,4,1,5,0.13558743169398907
qp08fj,0,4,1,1,0.10741120218579235
qp08fn,0,7,1,1,0.21328551912568305
qp08fp,0,4,1,1,0.031420765027322405
qp08fq,0,0,0,0,0.0023907103825136613
qp08fr,0,0,1,0,0.020150273224043717
qp08fs,0,0,5,4,0.00017076502732240437
qp08ft,0,0,1,0,0.0025614754098360654
qp08fu,0,0,4,0,0.004439890710382513
qp08fv,0,5,0,6,0.17896174863387979
qp08fw,0,5,1,6,0.11031420765027322
qp08fx,0,7,3,1,0.3927595628415301
qp08fy,0,2,0,5,0.41581284153005466
qp08fz,0,5,1,7,0.1210724043715847
qp08g4,0,0,5,0,0.007855191256830601
qp08g5,0,0,0,4,0.0006830601092896175
qp08g6,0,0,1,0,0.015881147540983607
qp08g7,0,0,1,1,0.026810109289617485
qp08gh,0,0,0,0,0.0023907103825136613
qp08gj,0,5,4,5,0.0741120218579235
qp08gk,0,5,0,5,0.044740437158469946
qp08gm,0,5,0,6,0.2387295081967213
qp08gn,0,5,0,7,0.1671789617486339
qp08gp,0,2,0,5,0.33452868852459017
qp08gq,0,6,0,3,0.5138319672131147
qp08gr,0,2,0,3,0.6140710382513661
qp08gs,0,0,1,0,0.010075136612021859
qp08gt,0,6,4,7,0.37995218579234974
qp08gu,0,0,0,0,0.004610655737704918
qp08gv,0,7,4,1,0.14754098360655737
qp08gw,0,5,0,1,0.3551912568306011
qp08gx,0,6,0,7,0.5568647540983607
qp08gy,0,2,4,7,0.320525956284153
qp08gz,5,7,3,1,0.7383879781420765
qp08uj,0,0,1,0,0.012978142076502733
qp08un,0,5,0,3,0.30174180327868855
qp08up,0,5,1,5,0.06693989071038252
qp0900,4,6,6,3,0.7332650273224044
qp0901,0,6,6,3,0.3550204918032787
qp0902,5,6,6,3,0.6010928961748634
qp0903,0,6,6,3,0.4144467213114754
qp0904,5,6,6,2,0.5771857923497268
qp0905,5,6,6,3,0.5280054644808743
qp0906,0,3,1,2,0.1635928961748634
qp0907,2,6,6,3,0.657103825136612
qp0908,0,6,6,3,0.2307035519125683
qp0909,5,6,6,3,0.49812158469945356
qp090b,4,3,6,2,0.8562158469945356
qp090c,5,6,6,3,0.641051912568306
qp090d,0,6,6,3,0.32325819672131145
qp090e,2,6,6,3,0.7945696721311475
qp090h,5,6,6,7,0.5100751366120219
qp090j,0,6,6,7,0.2698087431693989
qp090k,2,6,6,3,0.672301912568306
qp090m,5,6,6,2,0.6526639344262295
qp090n,0,1,5,6,0.6767418032786885
qp090p,0,7,2,1,0.7320696721311475
qp090q,0,7,2,1,0.7814207650273224
qp090r,0,1,5,6,0.8406762295081968
qp090s,2,6,6,3,0.734801912568306
qp090t,4,6,6,3,0.8662909836065574
qp090v,0,4,1,0,0.05396174863387978
qp090w,0,1,5,6,0.8557035519125683
qp090x,0,1,5,6,0.875853825136612
qp090y,0,5,1,1,0.07957650273224044
qp090z,0,0,0,0,0.0047814207650273225
qp0917,0,0,0,0,0.004098360655737705
qp0919,0,0,1,0,0.00034153005464480874
qp091d,0,0,1,1,0.0273224043715847
qp091e,0,5,1,5,0.07769808743169399
qp091f,0,0,1,0,0.01058743169398907
qp091g,0,2,3,7,0.22301912568306012
qp091h,0,0,0,4,0.00034153005464480874
qp091j,0,0,1,4,0.00017076502732240437
qp091k,0,5,1,5,0.07923497267759563
qp091m,0,5,0,1,0.1600068306010929
qp091n,0,5,1,0,0.0662568306010929
qp091p,0,0,1,0,0.015027322404371584
qp091q,0,5,1,5,0.2616120218579235
qp091r,0,5,4,5,0.21601775956284153
qp091s,0,5,1,3,0.09836065573770492
qp091t,5,3,4,2,0.730191256830601
qp091u,0,2,3,5,0.3751707650273224
qp091v,0,2,3,5,0.5826502732240437
qp091w,0,2,4,7,0.5826502732240437
qp091x,0,7,3,1,0.47165300546448086
qp091y,5,2,4,5,0.8519467213114754
qp091z,2,3,4,2,0.8114754098360656
qp0920,5,6,2,7,0.9279371584699454
qp0921,5,2,2,7,0.9585040983606558
qp0922,0,1,5,6,0.6560792349726776
qp0923,0,1,5,5,0.4402322404371585
qp0924,5,1,2,6,0.9590163934426229
qp0925,2,1,2,6,0.9974385245901639
qp0926,5,6,2,3,0.9574795081967213
qp0927,4,3,5,2,0.9970969945355191
qp0928,0,1,5,6,0.8878073770491803
qp0929,0,1,5,6,0.9118852459016393
qp092b,0,0,5,4,0.00017076502732240437
qp092d,0,1,5,6,0.9154713114754098
qp092e,5,1,5,6,0.9385245901639344
qp092h,2,1,2,6,0.9972677595628415
qp092j,2,1,5,6,0.9979508196721312
qp092k,4,7,2,7,0.9977800546448088
qp092m,4,7,2,1,0.9981215846994536
qp092n,2,1,2,6,0.9979508196721312
qp092p,5,7,2,1,0.9286202185792349
qp092q,4,7,2,1,0.9977800546448088
qp092r,2,7,2,1,0.9776297814207651
qp092s,5,1,5,6,0.9472336065573771
qp092t,5,6,2,1,0.9212773224043715
qp092w,4,6,5,1,0.9716530054644809
qp092x,2,7,2,1,0.9586748633879781
qp092z,0,5,4,0,0.05874316939890711
qp0930,0,5,4,7,0.18254781420765026
qp0931,0,0,1,0,0.0047814207650273225
qp0932,0,2,0,5,0.36953551912568305
qp0933,0,5,4,5,0.24026639344262296
qp0934,0,4,1,5,0.04081284153005464
qp0935,0,4,1,0,0.00853825136612022
qp0936,0,5,5,5,0.24795081967213115
qp0937,0,4,3,1,0.09904371584699453
qp0938,0,5,3,3,0.15625
qp0939,0,0,1,0,0.0011953551912568306
qp093b,5,3,4,2,0.7897882513661202
qp093c,0,2,4,5,0.6878415300546448
qp093d,0,2,4,5,0.39088114754098363
qp093e,0,3,4,7,0.6031420765027322
qp093f,0,5,4,5,0.2489754098360656
qp093g,5,3,3,2,0.8012295081967213
qp093h,0,0,0,4,0.0015368852459016393
qp093j,0,0,1,3,0.024419398907103824
qp093k,0,0,0,0,0.007855191256830601
qp093m,0,5,4,7,0.08196721311475409
qp093n,0,0,1,0,0.00819672131147541
qp093p,0,1,4,5,0.561646174863388
qp093q,0,7,3,1,0.5806010928961749
qp093r,5,2,4,5,0.8102800546448088
qp093s,0,5,4,0,0.38934426229508196
qp093t,0,2,0,5,0.2990095628415301
qp093u,5,2,4,5,0.7984972677595629
qp093v,5,2,4,7,0.7216530054644809
qp093w,2,2,3,7,0.9807035519125683
qp093x,2,3,4,2,0.9233265027322405
qp093y,2,7,3,3,0.8514344262295082
qp093z,0,7,3,3,0.5363729508196722
qp0941,5,3,3,2,0.6861338797814208
qp0942,0,4,1,0,0.07530737704918032
qp0943,0,4,1,3,0.03483606557377049
qp0944,0,2,4,7,0.733948087431694
qp0945,5,2,4,7,0.8761953551912568
qp0946,0,5,0,7,0.29559426229508196
qp0947,5,3,3,2,0.7587090163934426
qp0948,0,6,4,1,0.33043032786885246
qp0949,0,6,0,7,0.414275956284153
qp094b,5,3,4,2,0.7505122950819673
qp094c,5,6,4,7,0.7254098360655737
qp094d,0,5,0,0,0.12056010928961748
qp094e,0,5,1,0,0.08691939890710383
qp094f,0,5,1,7,0.10860655737704918
qp094g,0,7,3,1,0.6130464480874317
qp094h,5,7,3,1,0.5631830601092896
qp094j,0,2,4,7,0.59375
qp094k,5,6,4,2,0.768613387978142
qp094m,5,0,4,4,0.9096653005464481
qp094n,2,3,4,2,0.8430669398907104
qp094p,5,7,3,7,0.7851775956284153
qp094q,4,3,4,2,0.9836065573770492
qp094r,1,2,4,7,0.9970969945355191
qp094s,0,5,1,5,0.12329234972677595
qp094t,5,6,4,7,0.7665642076502732
qp094u,0,2,4,5,0.30191256830601093
qp094v,0,5,0,7,0.13507513661202186
qp094w,0,2,0,7,0.6521516393442623
qp094x,5,2,4,5,0.8594603825136612
qp094y,0,2,4,7,0.7076502732240437
qp094z,0,2,4,5,0.45116120218579236
qp0950,5,6,0,3,0.6772540983606558
qp0951,0,7,0,1,0.47011612021857924
qp0952,0,6,0,3,0.5734289617486339
qp0953,0,6,0,1,0.636441256830601
qp0954,0,7,1,7,0.17742486338797814
qp0955,0,7,3,1,0.16700819672131148
qp0956,0,4,1,3,0.03415300546448088
qp0957,0,6,0,7,0.39702868852459017
qp0958,0,6,0,7,0.4047131147540984
qp0959,0,5,0,3,0.16837431693989072
qp095b,0,6,4,3,0.6890368852459017
qp095c,0,1,0,5,0.5290300546448088
qp095d,0,5,4,5,0.14907786885245902
qp095e,0,5,0,3,0.27885928961748635
qp095f,0,0,5,1,0.022370218579234973
qp095g,0,5,3,3,0.11372950819672131
qp095h,0,5,1,7,0.056864754098360656
qp095j,0,2,1,5,0.505464480874317
qp095k,0,3,4,7,0.4182035519125683
qp095m,0,2,0,7,0.5187841530054644
qp095n,0,1,4,5,0.6029713114754098
qp095p,0,4,1,7,0.08709016393442623
qp095q,5,6,4,7,0.7971311475409836
qp095r,5,2,4,7,0.891905737704918
qp095s,0,2,4,5,0.4646516393442623
qp095t,0,5,4,3,0.2937158469945355
qp095u,0,2,0,7,0.5022199453551912
qp095v,5,3,4,2,0.8690232240437158
qp095w,0,6,0,3,0.6678620218579235
qp095x,0,2,0,5,0.6425887978142076
qp095y,0,7,4,1,0.4462090163934426
qp095z,0,2,0,5,0.5993852459016393
qp0960,5,7,3,1,0.7621243169398907
qp0961,5,2,4,5,0.8012295081967213
qp0962,5,2,4,5,0.8352117486338798
qp0963,0,2,0,5,0.5543032786885246
qp0964,0,0,1,0,0.0023907103825136613
qp0965,0,7,3,1,0.13422131147540983
qp0966,0,0,3,0,0.03705601092896175
qp0967,0,0,5,0,0.03978825136612022
qp0968,5,2,3,7,0.7120901639344263
qp0969,0,2,4,7,0.506318306010929
qp096b,5,2,0,5,0.7785177595628415
qp096c,0,2,0,7,0.649931693989071
qp096d,0,6,4,1,0.5194672131147541
qp096e,0,3,0,2,0.4344262295081967
qp096f,4,2,3,7,0.9491120218579235
qp096g,5,7,3,1,0.7826161202185792
qp096h,0,2,4,5,0.6212431693989071
qp096j,5,2,4,7,0.7889344262295082
qp096k,0,7,3,1,0.5344945355191257
qp096m,2,7,3,1,0.883025956284153
qp096n,2,7,3,3,0.8601434426229508
qp096p,5,7,3,3,0.7455601092896175
qp096q,3,3,3,2,0.9976092896174863
qp096r,3,3,0,2,0.9933401639344263
qp096s,2,7,3,1,0.7962773224043715
qp096t,4,2,3,7,0.9649931693989071
qp096u,1,6,4,3,0.9941939890710383
qp096v,3,6,4,2,0.9974385245901639
qp096w,4,3,4,2,0.9871926229508197
qp096x,3,3,4,2,0.9979508196721312
qp096y,4,6,4,3,0.9716530054644809
qp096z,3,3,4,2,0.9970969945355191
qp0970,0,2,4,5,0.6673497267759563
qp0971,5,7,3,1,0.640198087431694
qp0972,0,2,4,5,0.6656420765027322
qp0973,0,7,3,1,0.2797131147540984
qp0974,5,7,3,7,0.7168715846994536
qp0975,2,2,4,7,0.9012978142076503
qp0976,5,2,4,5,0.7942281420765027
qp0977,5,7,3,5,0.711577868852459
qp0978,0,2,0,5,0.4385245901639344
qp0979,0,2,0,7,0.6509562841530054
qp097b,0,2,4,5,0.4030054644808743
qp097c,5,2,4,5,0.7583674863387978
qp097d,0,2,4,5,0.6859631147540983
qp097e,2,7,3,1,0.9929986338797814
qp097f,5,2,4,5,0.7435109289617486
qp097g,5,2,0,5,0.7286543715846995
qp097h,0,2,4,5,0.5773565573770492
qp097j,0,4,3,5,0.03483606557377049
qp097k,5,4,6,1,0.8411885245901639
qp097m,5,7,3,1,0.33709016393442626
qp097n,0,0,4,0,0.00939207650273224
qp097p,0,7,3,1,0.09955601092896176
qp097q,0,4,1,2,0.062329234972677595
qp097r,0,4,1,0,0.011441256830601093
qp097s,1,3,3,2,0.9943647540983607
qp097t,5,2,3,5,0.7481215846994536
qp097u,2,2,3,5,0.8659494535519126
qp097v,4,7,3,7,0.9620901639344263
qp097w,5,7,3,1,0.649931693989071
qp097x,0,7,3,1,0.36219262295081966
qp097y,2,3,4,2,0.9834357923497268
qp097z,0,7,3,1,0.6772540983606558
qp0980,5,2,2,7,0.8241120218579235
qp0981,5,1,2,6,0.9807035519125683
qp0982,2,3,2,2,0.9339139344262295
qp0983,5,7,2,1,0.774931693989071
qp0984,5,1,2,6,0.9258879781420765
qp0985,2,1,2,6,0.9959016393442623
qp0986,4,7,2,1,0.9834357923497268
qp0987,1,3,2,2,0.9981215846994536
qp0988,2,7,2,1,0.8860997267759563
qp0989,5,7,2,1,0.7457308743169399
qp098b,0,5,4,5,0.055327868852459015
qp098c,0,5,0,5,0.2858606557377049
qp098d,2,7,2,1,0.9195696721311475
qp098e,5,7,2,1,0.9824112021857924
qp098f,0,6,0,2,0.5148565573770492
qp098g,0,5,0,5,0.27168715846994534
qp098h,2,1,2,6,0.9964139344262295
qp098j,1,2,2,7,0.9979508196721312
qp098k,4,7,2,2,0.9979508196721312
qp098m,5,7,2,7,0.9923155737704918
qp098n,4,1,2,5,0.9979508196721312
qp098p,4,2,2,5,0.9977800546448088
qp098q,2,3,2,2,0.9716530054644809
qp098r,2,7,2,1,0.9918032786885246
qp098u,0,5,0,7,0.1560792349726776
qp098v,0,0,1,0,0.014515027322404372
qp0990,0,2,4,6,0.5676229508196722
qp0991,5,2,4,7,0.8524590163934426
qp0992,2,3,3,2,0.8020833333333334
qp0993,5,6,4,7,0.8471653005464481
qp0994,5,2,0,5,0.7696379781420765
qp0995,0,2,0,7,0.586577868852459
qp0996,5,2,4,7,0.8796106557377049
qp0997,0,2,4,5,0.6465163934426229
qp0998,5,2,4,7,0.8676571038251366
qp0999,0,2,0,5,0.6605191256830601
qp099b,5,2,4,5,0.8463114754098361
qp099c,5,6,4,7,0.8014002732240437
qp099d,2,3,4,7,0.8229166666666666
qp099e,2,2,4,7,0.9332308743169399
qp099f,0,2,4,5,0.6869877049180327
qp099g,2,2,4,5,0.938353825136612
qp099h,0,6,0,3,0.42110655737704916
qp099j,0,2,0,5,0.34187158469945356
qp099k,2,2,4,5,0.8679986338797814
qp099m,5,2,4,7,0.7476092896174863
qp099n,0,5,4,5,0.12243852459016394
qp099p,0,5,1,6,0.06779371584699453
qp099q,0,2,4,7,0.599214480874317
qp099r,0,2,4,5,0.5695013661202186
qp099s,5,7,3,1,0.8442622950819673
qp099t,0,2,0,5,0.7349726775956285
qp099u,5,7,3,1,0.8008879781420765
qp099v,2,7,4,1,0.9614071038251366
qp099w,0,2,4,5,0.5674521857923497
qp099x,0,2,4,5,0.5153688524590164
qp099y,5,2,3,5,0.7891051912568307
qp099z,0,2,4,5,0.5783811475409836
qp09b0,2,1,2,5,0.9957308743169399
qp09b1,5,2,2,6,0.9612363387978142
qp09b2,2,7,2,1,0.9820696721311475
qp09b3,5,3,2,2,0.9899248633879781
qp09b4,4,2,2,7,0.9979508196721312
qp09b5,5,2,1,7,0.9793374316939891
qp09b6,1,3,2,2,0.9979508196721312
qp09b7,4,3,2,2,0.9977800546448088
qp09bd,5,3,5,2,0.923155737704918
qp09be,5,3,5,2,0.8949795081967213
qp09bh,4,2,2,7,0.9979508196721312
qp09bj,2,7,2,7,0.9967554644808743
qp09bk,0,3,2,2,0.9627732240437158
qp09bm,5,0,5,4,0.9943647540983607
qp09bn,5,1,2,6,0.952698087431694
qp09bp,0,7,2,7,0.8430669398907104
qp09bq,0,0,6,4,0.30191256830601093
qp09br,0,4,1,7,0.11372950819672131
qp09bt,0,0,5,4,0.671448087431694
qp09bv,0,4,1,3,0.02151639344262295
qp09bw,0,0,1,4,0.9204234972677595
qp09bx,0,0,6,2,0.09033469945355191
qp09by,0,0,5,0,0.0010245901639344263
qp09bz,0,5,1,7,0.13183060109289618
qp09c2,0,4,1,1,0.032957650273224046
qp09c6,0,6,4,7,0.3073770491803279
qp09c7,0,6,4,7,0.3510928961748634
qp09c8,0,2,0,7,0.5119535519125683
qp09c9,0,2,4,5,0.5029030054644809
qp09cb,0,5,0,7,0.13866120218579234
qp09cc,5,3,4,2,0.8932718579234973
qp09cd,0,5,0,5,0.27629781420765026
qp09ce,0,2,4,5,0.3089139344262295
qp09cf,0,2,4,7,0.4171789617486339
qp09cg,2,3,4,2,0.9030054644808743
qp09ch,0,4,1,0,0.02185792349726776
qp09cj,5,3,0,2,0.8319672131147541
qp09ck,0,5,1,5,0.0975068306010929
qp09cm,0,3,0,2,0.6647882513661202
qp09cn,0,6,4,7,0.3084016393442623
qp09cp,0,5,3,3,0.17708333333333334
qp09cq,5,3,4,2,0.7559767759562842
qp09cr,0,5,4,7,0.20355191256830601
qp09cs,0,0,1,5,0.025614754098360656
qp09ct,5,3,4,2,0.6588114754098361
qp09cu,0,7,3,3,0.6374658469945356
qp09cv,2,3,3,2,0.9093237704918032
qp09cw,0,5,4,7,0.273224043715847
qp09cx,0,2,4,5,0.3089139344262295
qp09cy,0,2,4,7,0.5500341530054644
qp09cz,0,4,1,7,0.032957650273224046
qp09d0,0,4,1,0,0.015881147540983607
qp09d1,0,2,3,5,0.6147540983606558
qp09d2,3,3,4,2,0.9977800546448088
qp09d3,3,3,4,2,0.9979508196721312
qp09d4,0,7,3,1,0.7424863387978142
qp09d5,2,3,4,2,0.806181693989071
qp09d6,4,0,0,4,0.9977800546448088
qp09d7,4,3,0,2,0.9924863387978142
qp09d8,6,3,4,2,0.9979508196721312
qp09d9,6,3,0,2,0.9979508196721312
qp09db,1,6,4,3,0.9716530054644809
qp09dc,3,6,0,3,0.9970969945355191
qp09dd,4,6,4,7,0.9849726775956285
qp09de,4,6,4,1,0.9533811475409836
qp09df,2,7,3,3,0.8985655737704918
qp09dg,2,2,3,5,0.9065915300546448
qp09dh,4,3,4,2,0.9719945355191257
qp09dj,2,3,4,2,0.9774590163934426
qp09dk,2,6,4,7,0.9970969945355191
qp09dm,5,7,4,7,0.9289617486338798
qp09dn,5,2,4,5,0.8376024590163934
qp09dp,5,6,4,7,0.7718579234972678
qp09dq,0,2,4,7,0.4485997267759563
qp09dr,5,2,4,5,0.7923497267759563
qp09ds,0,2,4,5,0.7185792349726776
qp09dt,5,7,3,1,0.6456625683060109
qp09du,0,7,3,1,0.29661885245901637
qp09dv,0,5,0,7,0.061133879781420764
qp09dw,0,5,3,5,0.16273907103825136
qp09dx,0,4,0,0,0.07991803278688525
qp09dy,0,0,1,4,0.001366120218579235
qp09dz,0,0,1,4,0.0006830601092896175
qp09e0,0,7,3,3,0.20508879781420766
qp09e1,0,6,0,1,0.366974043715847
qp09e2,0,7,3,1,0.5486680327868853
qp09e3,5,3,3,2,0.6728142076502732
qp09e4,5,2,4,7,0.7008196721311475
qp09e5,6,6,6,7,0.9981215846994536
qp09e6,0,2,3,7,0.6022882513661202
qp09e7,2,3,4,2,0.9706284153005464
qp09e8,2,7,3,1,0.7418032786885246
qp09e9,2,7,3,7,0.8683401639344263
qp09eb,0,7,3,2,0.7392418032786885
qp09ec,0,5,1,5,0.0782103825136612
qp09ed,5,2,3,5,0.8425546448087432
qp09ee,0,2,3,5,0.5344945355191257
qp09ef,0,3,4,2,0.12926912568306012
qp09eg,0,0,1,0,0.00034153005464480874
qp09eh,1,2,3,7,0.975068306010929
qp09ej,5,6,4,7,0.6900614754098361
qp09ek,4,6,3,3,0.9484289617486339
qp09em,2,2,3,5,0.875
qp09en,0,3,4,2,0.6021174863387978
qp09ep,0,2,3,5,0.6704234972677595
qp09eq,3,3,4,2,0.9880464480874317
qp09er,5,7,3,1,0.7646857923497268
qp09es,0,2,1,7,0.4349385245901639
qp09et,5,7,3,1,0.6934767759562842
qp09eu,0,7,3,7,0.4725068306010929
qp09ev,5,7,3,1,0.5631830601092896
qp09ew,2,7,3,3,0.8020833333333334
qp09ex,1,2,3,7,0.9747267759562842
qp09ey,5,7,3,1,0.6871584699453552
qp09ez,2,7,3,3,0.7908128415300546
qp09f0,0,7,3,7,0.6359289617486339
qp09f1,5,7,3,1,0.8118169398907104
qp09f2,0,1,3,5,0.33879781420765026
qp09f3,5,7,3,1,0.7914959016393442
qp09f4,0,2,4,7,0.3722677595628415
qp09f5,0,7,3,7,0.2506830601092896
qp09f6,0,2,4,5,0.6856215846994536
qp09f7,0,2,4,7,0.7226775956284153
qp09f8,0,5,4,5,0.2938866120218579
qp09f9,2,2,3,7,0.8939549180327869
qp09fb,0,2,3,5,0.6512978142076503
qp09fc,0,4,1,0,0.011099726775956284
qp09fd,5,2,4,5,0.7452185792349727
qp09fe,0,2,4,7,0.3463114754098361
qp09ff,0,5,4,5,0.24726775956284153
qp09fg,5,2,4,7,0.8162568306010929
qp09fh,0,3,4,2,0.6494193989071039
qp09fj,2,3,4,2,0.9035177595628415
qp09fk,0,2,4,5,0.6992827868852459
qp09fm,0,6,0,7,0.7423155737704918
qp09fq,5,3,4,2,0.8850751366120219
qp09fr,0,5,1,5,0.22643442622950818
qp09fs,5,2,4,7,0.7402663934426229
qp09ft,1,3,6,2,0.9977800546448088
qp09fu,2,3,4,2,0.9940232240437158
qp09fv,0,5,0,5,0.3073770491803279
qp09fw,0,4,4,0,0.5276639344262295
qp09fx,0,2,4,5,0.7341188524590164
qp09fy,5,3,4,2,0.6869877049180327
qp09fz,2,3,3,2,0.8980532786885246
qp09g0,0,2,4,5,0.5554986338797814
qp09g1,5,2,3,7,0.8637295081967213
qp09g2,5,2,4,5,0.8584357923497268
qp09g3,0,2,4,5,0.6125341530054644
qp09g4,5,2,4,5,0.8401639344262295
qp09g5,2,3,4,2,0.9557718579234973
qp09g6,2,7,4,1,0.9948770491803278
qp09g7,0,3,0,2,0.7131147540983607
qp09g8,2,2,3,5,0.8673155737704918
qp09g9,0,2,3,5,0.4959016393442623
qp09gb,5,6,3,3,0.7235314207650273
qp09gc,0,7,3,3,0.5351775956284153
qp09gd,0,0,0,0,0.0047814207650273225
qp09ge,0,2,4,5,0.28790983606557374
qp09gf,0,7,3,1,0.4253756830601093
qp09gg,0,2,3,7,0.3662909836065574
qp09gh,5,2,4,5,0.7670765027322405
qp09gj,5,2,4,7,0.8155737704918032
qp09gk,2,6,4,7,0.9470628415300546
qp09gm,0,7,3,7,0.4405737704918033
qp09gn,0,7,3,7,0.422301912568306
qp09gp,0,7,3,3,0.5677937158469946
qp09gq,0,2,4,7,0.6528346994535519
qp09gr,0,2,4,5,0.2532445355191257
qp09gs,5,2,4,5,0.780396174863388
qp09gt,5,2,0,5,0.7814207650273224
qp09gu,0,7,3,1,0.6057035519125683
qp09gv,5,2,4,5,0.7431693989071039
qp09gw,5,2,4,5,0.7889344262295082
qp09gx,5,2,4,7,0.9033469945355191
qp09gy,5,2,0,5,0.7896174863387978
qp09gz,0,2,4,5,0.643613387978142
qp09h0,0,3,0,2,0.5273224043715847
qp09h1,0,0,1,3,0.01758879781420765
qp09h3,0,0,1,0,0.0006830601092896175
qp09h4,0,5,3,3,0.21191939890710382
qp09h5,0,2,0,7,0.5625
qp09h6,0,0,0,0,0.006318306010928962
qp09h7,0,5,0,7,0.23719262295081966
qp09he,0,5,1,3,0.11082650273224044
qp09hh,2,3,0,2,0.9238387978142076
qp09hj,5,2,0,7,0.932035519125683
qp09hk,0,2,4,7,0.47882513661202186
qp09hm,5,2,0,7,0.7762978142076503
qp09hn,0,2,4,7,0.663422131147541
qp09hp,0,2,4,1,0.43971994535519127
qp09hq,0,2,3,7,0.31010928961748635
qp09hr,0,2,4,7,0.336577868852459
qp09hs,0,3,4,2,0.7592213114754098
qp09ht,5,3,0,2,0.9001024590163934
qp09hv,5,3,4,2,0.8469945355191257
qp09hw,0,5,0,3,0.20799180327868852
qp09hx,0,7,3,1,0.33401639344262296
qp09hy,0,6,0,2,0.5732581967213115
qp09hz,0,7,3,1,0.18510928961748635
qp09j5,0,4,1,1,0.0741120218579235
qp09j7,0,7,1,1,0.3003756830601093
qp09j9,0,0,0,0,0.0023907103825136613
qp09jb,0,0,0,0,0.01639344262295082
qp09jc,0,4,0,0,0.011270491803278689
qp09jd,0,0,0,3,0.0194672131147541
qp09je,0,0,1,3,0.022882513661202187
qp09jf,0,4,1,2,0.04456967213114754
qp09jg,0,4,4,0,0.017759562841530054
qp09jj,0,0,0,0,0.001878415300546448
qp09jk,0,4,0,7,0.0975068306010929
qp09jm,0,4,5,0,0.02817622950819672
qp09jn,0,4,0,0,0.019637978142076504
qp09jp,0,3,0,2,0.7255806010928961
qp09jq,2,3,4,2,0.757172131147541
qp09jr,0,4,1,7,0.05259562841530055
qp09js,0,4,1,0,0.018442622950819672
qp09jt,0,5,1,7,0.12192622950819672
qp09ju,0,0,5,0,0.022882513661202187
qp09jv,0,3,0,2,0.493681693989071
qp09jw,0,4,1,0,0.0017076502732240437
qp09jx,0,5,0,7,0.2182377049180328
qp09jy,0,0,1,0,0.0015368852459016393
qp09jz,0,5,0,3,0.09682377049180328
qp09k0,0,2,4,7,0.39702868852459017
qp09k1,0,7,3,1,0.6441256830601093
qp09k2,5,3,4,2,0.8604849726775956
qp09k3,5,2,4,7,0.7438524590163934
qp09k4,0,3,0,2,0.4496243169398907
qp09k5,0,5,1,5,0.057889344262295084
qp09k6,0,2,4,7,0.4532103825136612
qp09k7,0,0,1,4,0.0022199453551912567
qp09k8,0,7,3,1,0.3702185792349727
qp09k9,0,5,4,7,0.16393442622950818
qp09kb,0,7,4,1,0.4921448087431694
qp09kc,0,2,3,1,0.47489754098360654
qp09kd,0,5,1,5,0.07701502732240437
qp09ke,5,2,4,7,0.8423838797814208
qp09kf,0,2,4,7,0.4641393442622951
qp09kg,0,0,0,4,0.0010245901639344263
qp09kj,0,2,3,5,0.5083674863387978
qp09km,0,0,0,0,0.0022199453551912567
qp09kn,0,5,1,6,0.1053620218579235
qp09kq,0,4,1,2,0.07137978142076502
qp09kr,0,2,3,5,0.48992486338797814
qp09ks,0,2,0,0,0.29610655737704916
qp09kt,5,7,3,1,0.7983265027322405
qp09ku,0,2,4,5,0.491120218579235
qp09kv,4,2,3,7,0.9900956284153005
qp09kw,5,3,3,2,0.6967213114754098
qp09kx,5,3,4,2,0.7961065573770492
qp09ky,0,2,3,5,0.5741120218579235
qp09kz,4,3,4,2,0.9451844262295082
qp09m0,0,6,0,7,0.7581967213114754
qp09m1,0,5,0,7,0.3567281420765027
qp09m2,0,2,0,7,0.5686475409836066
qp09m3,0,0,1,0,0.01058743169398907
qp09m6,0,0,0,4,0.00034153005464480874
qp09m7,0,0,5,4,0.0008538251366120218
qp09m8,0,0,0,3,0.0391051912568306
qp09m9,0,4,0,3,0.0739412568306011
qp09mb,0,4,0,3,0.061133879781420764
qp09mc,0,0,0,3,0.02424863387978142
qp09md,0,0,0,0,0.012636612021857924
qp09me,0,2,3,5,0.2942281420765027
qp09mf,0,0,0,0,0.0030737704918032786
qp09mj,0,4,3,7,0.08094262295081968
qp09mm,0,0,1,6,0.023224043715846996
qp09mn,0,3,4,1,0.4967554644808743
qp09mp,2,3,3,2,0.8531420765027322
qp09mq,0,5,1,7,0.23650956284153005
qp09mr,0,2,4,5,0.5254439890710383
qp09ms,0,5,0,5,0.23599726775956284
qp09mt,0,7,3,7,0.38866120218579236
qp09mu,0,3,4,2,0.31898907103825136
qp09mv,0,0,1,0,0.00017076502732240437
qp09mw,0,7,3,1,0.3572404371584699
qp09mx,0,4,0,2,0.7739071038251366
qp09my,0,4,1,0,0.0023907103825136613
qp09mz,0,4,1,1,0.06147540983606557
qp09n0,0,0,0,0,0.0034153005464480873
qp09n1,0,0,0,0,0.0020491803278688526
qp09n4,0,0,1,0,0.007684426229508197
qp09n5,0,4,1,0,0.0008538251366120218
qp09nj,0,0,0,0,0.00034153005464480874
qp09np,0,0,0,1,0.04252049180327869
qp09q0,0,0,0,0,0.010075136612021859
qp09q1,0,0,0,3,0.00939207650273224
qp09q4,0,0,0,4,0.01366120218579235
qp09q5,0,7,3,1,0.24538934426229508
qp09qh,0,0,1,0,0.0025614754098360654
qp09qj,0,4,1,0,0.01878415300546448
qp09qn,0,4,0,3,0.07718579234972678
qp09qp,0,3,4,2,0.18186475409836064
qp09s0,0,0,5,0,0.0010245901639344263
qp09s1,0,4,3,3,0.0630122950819672
qp09s2,0,2,3,5,0.40505464480874315
qp09s3,0,2,3,7,0.38507513661202186
qp09s4,0,4,1,2,0.04081284153005464
qp09s5,0,0,1,4,0.00034153005464480874
qp09s6,2,7,3,3,0.8423838797814208
qp09s7,2,7,3,7,0.8835382513661202
qp09s8,4,3,4,2,0.891051912568306
qp09s9,4,3,3,2,0.9274248633879781
qp09sb,5,2,3,5,0.8131830601092896
qp09sc,0,2,3,5,0.5905054644808743
qp09sd,2,2,3,5,0.9533811475409836
qp09se,2,3,3,2,0.8912226775956285
qp09sf,5,7,3,1,0.7336065573770492
qp09sg,0,7,3,1,0.5355191256830601
qp09sh,5,7,3,7,0.7933743169398907
qp09sj,5,2,3,5,0.7126024590163934
qp09sk,2,2,3,7,0.8784153005464481
qp09sm,5,2,3,5,0.7865437158469946
qp09sn,2,7,3,1,0.8152322404371585
qp09sp,4,7,3,2,0.9730191256830601
qp09sq,5,7,3,2,0.7252390710382514
qp09sr,5,7,3,1,0.7595628415300546
qp09ss,5,3,3,1,0.8048155737704918
qp09st,0,2,3,7,0.5725751366120219
qp09su,0,2,0,5,0.6270491803278688
qp09sv,0,2,3,5,0.3985655737704918
qp09sw,2,3,3,2,0.9141051912568307
qp09sx,2,2,3,7,0.7942281420765027
qp09sy,0,2,4,7,0.6226092896174863
qp09sz,2,2,3,7,0.793886612021858
qp09t0,4,3,3,2,0.980191256830601
qp09t1,0,4,1,7,0.042862021857923496
qp09t2,5,2,3,7,0.7733948087431693
qp09t3,0,4,1,0,0.00546448087431694
qp09t4,5,7,3,7,0.8167691256830601
qp09t5,5,2,4,5,0.733948087431694
qp09t7,0,0,5,0,0.00017076502732240437
qp09t8,2,7,3,1,0.9084699453551912
qp09t9,0,3,1,7,0.37158469945355194
qp09tb,0,0,1,4,0.0047814207650273225
qp09te,0,0,5,4,0.00034153005464480874
qp09tg,0,0,1,0,0.00017076502732240437
qp09th,0,7,3,1,0.3640710382513661
qp09tj,0,7,3,7,0.5833333333333334
qp09tk,0,3,1,2,0.16444672131147542
qp09tm,0,2,3,5,0.5148565573770492
qp09tn,5,7,3,1,0.6890368852459017
qp09tp,5,2,4,7,0.8370901639344263
qp09tq,0,2,4,7,0.45867486338797814
qp09tr,2,2,3,7,0.9275956284153005
qp09ts,0,4,1,0,0.018954918032786885
qp09tt,0,2,3,5,0.4875341530054645
qp09tu,0,4,3,0,0.03193306010928962
qp09tv,0,4,3,1,0.01366120218579235
qp09tw,0,3,4,7,0.6757172131147541
qp09tx,5,3,3,2,0.7189207650273224
qp09ty,0,4,3,1,0.02390710382513661
qp09u0,4,2,3,7,0.9375
qp09u1,2,7,3,3,0.9059084699453552
qp09u2,0,2,3,5,0.6181693989071039
qp09u3,0,7,3,1,0.45867486338797814
qp09u4,5,7,3,1,0.5889685792349727
qp09u5,0,7,3,1,0.5010245901639344
qp09u6,0,2,3,5,0.4993169398907104
qp09u7,0,7,3,1,0.3837090163934426
qp09u8,5,2,3,7,0.7433401639344263
qp09u9,0,2,1,5,0.27595628415300544
qp09ub,0,7,3,5,0.37995218579234974
qp09uc,0,2,3,5,0.45560109289617484
qp09ud,0,2,4,5,0.5905054644808743
qp09ue,2,2,0,7,0.8799521857923497
qp09uf,0,2,3,5,0.5771857923497268
qp09ug,0,4,1,0,0.4296448087431694
qp09uh,0,2,3,5,0.304474043715847
qp09uj,0,2,4,3,0.4677254098360656
qp09uk,0,2,4,7,0.6400273224043715
qp09um,0,2,4,5,0.6120218579234973
qp09un,0,2,4,5,0.4677254098360656
qp09up,0,2,0,5,0.397370218579235
qp09uq,0,5,0,5,0.3435792349726776
qp09ur,0,5,1,7,0.11851092896174864
qp09us,0,2,4,7,0.6822062841530054
qp09ut,5,2,0,7,0.8036202185792349
qp09uu,0,7,3,1,0.6852800546448088
qp09uv,4,2,4,5,0.9959016393442623
qp09uw,5,2,3,5,0.681181693989071
qp09ux,0,2,4,7,0.7137978142076503
qp09uy,3,3,4,2,0.9967554644808743
qp09uz,1,7,3,1,0.9836065573770492
qp09v0,4,3,3,2,0.9462090163934426
qp09v1,2,7,3,7,0.8422131147540983
qp09v2,5,2,3,5,0.6890368852459017
qp09v3,0,5,3,7,0.11936475409836066
qp09v4,5,7,3,1,0.5858948087431693
qp09v5,0,0,1,0,0.0008538251366120218
qp09v6,0,2,3,5,0.6022882513661202
qp09v7,0,4,3,1,0.06659836065573771
qp09v8,0,4,1,3,0.05037568306010929
qp09v9,0,0,1,4,0.00017076502732240437
qp09vb,0,0,0,0,0.00665983606557377
qp09vc,0,0,1,0,0.00546448087431694
qp09vd,0,4,3,7,0.12329234972677595
qp09ve,0,5,3,5,0.24351092896174864
qp09vf,0,4,1,3,0.05037568306010929
qp09vg,0,7,3,1,0.6263661202185792
qp09vh,0,4,1,2,0.02151639344262295
qp09vj,5,7,3,7,0.8014002732240437
qp09vk,4,3,3,2,0.9243510928961749
qp09vm,2,3,3,2,0.918886612021858
qp09vn,5,7,3,1,0.8072062841530054
qp09vp,0,7,3,1,0.5329576502732241
qp09vq,2,3,3,2,0.90625
qp09vr,0,2,3,7,0.5648907103825137
qp09vs,0,7,3,5,0.26314890710382516
qp09vt,0,2,3,5,0.4895833333333333
qp09vu,0,7,3,1,0.26314890710382516
qp09vv,0,2,0,7,0.26639344262295084
qp09vw,0,5,1,5,0.05259562841530055
qp09vx,0,7,3,1,0.33452868852459017
qp09vy,0,2,4,7,0.6412226775956285
qp09vz,0,7,3,1,0.16222677595628415
qp09w0,0,0,0,4,0.006830601092896175
qp09w1,0,0,0,0,0.0006830601092896175
qp09w4,0,0,5,4,0.0010245901639344263
qp09w5,2,3,6,2,0.7020150273224044
qp09wh,0,0,1,0,0.001366120218579235
qp09wn,0,4,1,0,0.0006830601092896175
qp09wp,0,4,3,0,0.08145491803278689
qp09y0,0,4,3,1,0.027493169398907103
qp09y1,0,2,0,7,0.3949795081967213
qp09y4,0,4,1,5,0.0744535519125683
qp09y5,0,5,1,6,0.2691256830601093
qp09yh,5,4,6,2,0.8661202185792349
qp09yj,5,3,3,2,0.7344603825136612
qp09yn,5,7,3,7,0.8113046448087432
qp09yp,0,2,3,5,0.5181010928961749
qp0d00,5,1,2,6,0.9393784153005464
qp0d01,0,2,2,5,0.6542008196721312
qp0d02,0,0,6,7,0.11424180327868852
qp0d03,0,1,2,6,0.4569672131147541
qp0d04,0,7,2,7,0.1953551912568306
qp0d05,0,5,5,2,0.20457650273224043
qp0d06,0,5,2,7,0.6914275956284153
qp0d07,0,5,6,6,0.35331284153005466
qp0d08,0,0,6,4,0.0015368852459016393
qp0d0b,0,5,1,6,0.05037568306010929
qp0d0c,0,3,4,7,0.3729508196721312
qp0d0f,0,3,4,2,0.6372950819672131
qp0d0g,0,4,5,3,0.03637295081967213
qp0d0h,5,6,5,3,0.9074453551912568
qp0d0j,0,1,2,6,0.8756830601092896
qp0d0k,0,6,5,7,0.5181010928961749
qp0d0m,0,1,6,6,0.43528005464480873
qp0d0n,0,1,5,6,0.6441256830601093
qp0d0q,0,1,5,6,0.4491120218579235
qp0d0s,0,0,1,0,0.014515027322404372
qp0d0t,0,5,5,7,0.28261612021857924
qp0d0u,0,4,0,1,0.030054644808743168
qp0d0v,0,5,1,5,0.0942622950819672
qp0d0w,0,1,5,6,0.6407103825136612
qp0d0y,0,5,0,7,0.1762295081967213
qp0d10,0,3,4,2,0.3015710382513661
qp0d11,0,5,1,5,0.1912568306010929
qp0d12,0,6,4,7,0.32172131147540983
qp0d13,0,2,4,5,0.46755464480874315
qp0d14,0,5,0,5,0.14771174863387979
qp0d15,5,3,3,2,0.6716188524590164
qp0d16,0,3,1,2,0.21994535519125682
qp0d17,0,4,3,7,0.16837431693989072
qp0d18,0,2,4,5,0.4456967213114754
qp0d19,0,6,6,7,0.46328551912568305
qp0d1b,0,7,3,1,0.19006147540983606
qp0d1c,0,5,4,7,0.2185792349726776
qp0d1d,0,2,4,7,0.383025956284153
qp0d1e,0,1,4,6,0.2604166666666667
qp0d1f,0,2,4,7,0.2928620218579235
qp0d1g,0,6,4,7,0.3656079234972678
qp0d1h,5,3,4,2,0.7450478142076503
qp0d1j,0,3,4,2,0.1726434426229508
qp0d1k,0,5,1,5,0.27954234972677594
qp0d1m,5,3,4,2,0.7289959016393442
qp0d1n,0,3,4,2,0.4451844262295082
qp0d1q,0,2,4,7,0.30806010928961747
qp0d1s,0,4,5,1,0.021004098360655737
qp0d1t,0,4,1,0,0.018101092896174863
qp0d1u,0,4,1,0,0.03705601092896175
qp0d1v,0,4,5,0,0.04234972677595628
qp0d1w,0,5,4,5,0.19723360655737704
qp0d1y,0,4,1,2,0.11560792349726776
qp0d42,0,4,1,1,0.02305327868852459
qp0d43,0,0,1,0,0.0029030054644808745
qp0d44,0,0,1,0,0.0030737704918032786
qp0d45,0,0,0,0,0.00017076502732240437
qp0d48,5,3,3,7,0.7776639344262295
qp0d49,2,7,3,1,0.6967213114754098
qp0d4b,2,6,3,7,0.9600409836065574
qp0d4c,5,3,3,2,0.6933060109289617
qp0d4d,0,7,3,1,0.2624658469945355
qp0d4e,5,2,3,7,0.8808060109289617
qp0d4f,0,0,1,4,0.2967896174863388
qp0d4g,0,7,3,1,0.3311133879781421
qp0d4h,0,0,0,0,0.005976775956284153
qp0d4j,0,0,1,0,0.006318306010928962
qp0d4m,0,0,1,4,0.00017076502732240437
qp0d4n,0,2,0,5,0.5543032786885246
qp0d4q,5,3,0,2,0.7518784153005464
qp0d4s,2,3,4,7,0.9361338797814208
qp0d4t,5,2,3,7,0.7971311475409836
qp0d4u,0,2,4,7,0.4530396174863388
qp0d4v,0,6,0,7,0.38524590163934425
qp0d4w,2,3,4,2,0.9123975409836066
qp0d4y,0,5,3,3,0.2612704918032787
qp0d50,2,7,3,7,0.8206967213114754
qp0d51,5,2,3,7,0.7624658469945356
qp0d52,5,2,3,7,0.7873975409836066
qp0d53,5,2,4,5,0.7925204918032787
qp0d54,5,2,1,7,0.6994535519125683
qp0d55,0,7,3,1,0.17793715846994534
qp0d56,0,4,1,3,0.07137978142076502
qp0d57,0,4,1,0,0.014002732240437158
qp0d58,5,2,4,5,0.7771516393442623
qp0d59,0,7,3,7,0.18510928961748635
qp0d5b,0,2,0,7,0.5580601092896175
qp0d5c,0,4,3,1,0.08726092896174864
qp0d5d,0,0,0,0,0.019296448087431695
qp0d5e,0,4,0,1,0.06215846994535519
qp0d5f,0,3,4,2,0.530396174863388
qp0d5g,0,5,4,1,0.25221994535519127
qp0d5h,0,4,5,7,0.04781420765027322
qp0d5j,0,4,1,7,0.03312841530054645
qp0d5k,0,0,1,0,0.0006830601092896175
qp0d5m,0,5,0,5,0.1437841530054645
qp0d5n,0,0,1,0,0.0020491803278688526
qp0d5q,0,0,1,0,0.01485655737704918
qp0d5s,0,4,1,0,0.0010245901639344263
qp0d5t,0,4,1,1,0.03551912568306011
qp0d5u,0,5,1,3,0.04422814207650273
qp0dh0,0,2,0,7,0.6965505464480874
qp0dh1,0,5,1,2,0.14737021857923496
qp0dh2,0,2,4,5,0.3833674863387978
qp0dh3,0,5,1,5,0.12380464480874318
qp0dh4,0,3,3,2,0.6782786885245902
qp0dh5,0,5,4,0,0.2303620218579235
qp0dh6,0,2,3,5,0.42827868852459017
qp0dh7,0,2,4,7,0.31796448087431695
qp0dh8,2,7,3,1,0.7523907103825137
qp0dh9,2,2,4,7,0.8833674863387978
qp0dhb,2,2,3,5,0.9673838797814208
qp0dhc,0,7,3,7,0.3201844262295082
qp0dhd,0,5,1,7,0.13217213114754098
qp0dhe,2,3,4,2,0.8587773224043715
qp0dhf,0,4,1,0,0.011099726775956284
qp0dhg,0,2,0,5,0.592896174863388
qp0dhh,0,2,0,5,0.3550204918032787
qp0dhj,0,4,4,0,0.012636612021857924
qp0dhk,0,2,4,5,0.6302937158469946
qp0dhm,0,4,1,5,0.06403688524590163
qp0dhq,0,2,1,5,0.4072745901639344
qp0dhs,0,7,3,1,0.7457308743169399
qp0dht,2,3,0,2,0.8960040983606558
qp0dhu,0,4,6,5,0.04918032786885246
qp0dhv,0,4,1,5,0.08657786885245902
qp0dhw,5,7,3,7,0.8630464480874317
qp0dhy,0,4,0,0,0.06318306010928962
qp0dj0,2,3,3,2,0.9380122950819673
qp0dj1,2,3,4,2,0.8900273224043715
qp0dj2,0,5,3,7,0.2848360655737705
qp0dj3,0,2,3,5,0.28244535519125685
qp0dj4,0,2,3,7,0.6834016393442623
qp0dj5,5,2,3,7,0.7168715846994536
qp0dj6,0,7,3,1,0.5812841530054644
qp0dj7,5,3,3,2,0.8184767759562842
qp0dj8,0,5,1,6,0.2260928961748634
qp0dj9,0,2,3,5,0.20440573770491804
qp0djb,0,4,1,1,0.01605191256830601
qp0djc,0,5,0,7,0.12721994535519127
qp0djd,0,2,1,5,0.23975409836065573
qp0dje,0,2,3,5,0.2074795081967213
qp0djf,0,4,1,5,0.04047131147540984
qp0djg,0,7,3,1,0.1094603825136612
qp0djh,0,2,4,5,0.5594262295081968
qp0djj,0,2,0,5,0.33008879781420764
qp0djk,0,2,4,5,0.5614754098360656
qp0djm,0,2,3,7,0.6581284153005464
qp0djn,0,4,4,1,0.07342896174863388
qp0djq,0,2,3,5,0.5643784153005464
qp0djs,0,2,3,5,0.2708333333333333
qp0djt,0,2,4,5,0.2303620218579235
qp0dju,0,0,5,0,0.011270491803278689
qp0djv,0,4,1,0,0.0233948087431694
qp0djw,0,5,1,5,0.10621584699453553
qp0djy,0,4,1,7,0.24077868852459017
qp0dn0,0,0,0,0,0.015881147540983607
qp0dn1,0,4,1,1,0.2069672131147541
qp0dn4,0,4,3,1,0.03825136612021858
qp0dn5,0,4,1,3,0.05703551912568306
qp0dnh,0,4,1,0,0.03090846994535519
qp0dnj,0,5,0,3,0.22831284153005466
qp0dnn,0,4,3,0,0.021687158469945355
